customer,choice,gender,spending,frequency,recency,tenure,collectable,plush
1,0,1,324,3,2,18,0,3
2,0,0,323,2,2,16,2,0
3,1,1,279,4,5,48,1,3
4,0,1,254,1,2,20,0,1
5,1,1,362,9,7,64,6,3
6,0,0,202,7,8,44,6,1
7,1,1,190,4,3,22,2,2
8,0,1,405,1,2,18,1,0
9,0,1,231,1,1,12,0,1
10,0,1,358,5,1,2,2,3
11,0,1,263,2,2,32,0,2
12,0,0,46,5,2,10,2,3
13,0,1,166,1,2,16,7,1
14,0,0,61,6,2,10,5,1
15,1,1,330,2,1,22,6,2
16,1,1,124,4,6,34,2,2
17,0,1,350,3,2,18,4,0
18,0,1,200,1,1,10,1,0
19,1,1,248,10,2,18,10,0
20,1,1,254,5,4,42,3,2
21,1,1,433,7,7,58,6,1
22,1,1,292,1,3,22,1,0
23,1,1,244,9,1,12,9,0
24,0,0,45,4,2,16,1,3
25,1,1,106,5,2,16,4,1
26,1,1,279,2,3,32,-1,3
27,1,1,212,3,1,20,1,2
28,0,1,290,3,3,24,4,1
29,0,1,93,4,2,12,9,0
30,0,1,374,9,6,38,7,2
31,0,1,252,2,6,52,1,1
32,0,1,120,3,1,14,3,0
33,0,1,285,1,2,44,-1,3
34,0,1,54,2,1,14,0,2
35,1,1,290,3,1,20,2,1
36,0,1,45,2,2,22,2,0
37,1,1,337,2,7,70,1,1
38,0,1,272,2,2,20,-1,3
39,0,1,509,3,7,36,5,3
40,0,1,186,2,7,50,0,2
41,1,1,92,9,1,12,6,3
42,0,1,103,2,2,20,1,1
43,0,0,329,2,7,54,0,2
44,0,0,360,2,2,28,2,0
45,1,1,516,9,9,54,8,1
46,0,0,469,2,7,52,0,2
47,0,0,206,1,2,14,1,1
48,0,0,427,4,9,62,2,2
49,1,1,504,8,9,44,8,0
50,0,1,513,8,12,78,5,3
51,0,1,280,3,2,26,2,1
52,1,1,397,12,3,20,9,3
53,0,1,343,2,2,14,-1,3
54,0,0,406,2,2,18,1,1
55,0,1,226,4,2,16,4,0
56,0,0,463,9,10,56,7,2
57,1,1,306,9,8,50,7,3
58,0,1,397,3,2,6,3,0
59,1,1,522,11,11,62,9,2
60,0,1,107,0,2,12,2,1
61,1,1,343,7,12,42,5,3
62,1,1,284,0,1,20,-1,3
63,0,1,314,1,1,30,1,1
64,0,1,382,1,9,26,0,1
65,0,1,322,2,2,26,2,0
66,0,0,342,5,12,34,3,2
67,0,1,125,3,1,16,5,1
68,1,1,330,4,1,14,2,2
69,1,0,177,1,1,22,1,0
70,0,0,351,5,3,30,2,3
71,0,1,173,2,3,36,-1,3
72,0,0,132,1,1,8,1,3
73,0,1,201,1,2,38,1,0
74,0,1,299,2,1,18,2,0
75,1,1,511,9,10,74,7,2
76,1,1,351,4,4,30,6,0
77,0,1,167,4,2,24,1,3
78,1,1,269,2,2,32,-1,3
79,0,1,313,2,2,14,2,0
80,0,1,399,2,1,16,1,1
81,1,0,234,0,1,20,6,3
82,0,1,237,1,1,10,0,1
83,0,1,77,2,1,26,1,1
84,0,1,243,3,1,6,6,0
85,0,1,210,2,9,58,1,1
86,0,0,239,4,2,16,4,0
87,0,1,315,0,1,30,0,2
88,1,1,65,1,1,20,-1,2
89,0,1,60,1,2,16,1,0
90,0,1,283,2,2,20,2,0
91,1,1,99,3,2,16,1,2
92,0,1,26,2,1,30,2,0
93,0,0,85,1,2,16,0,1
94,0,1,571,4,11,58,4,0
95,0,0,310,2,1,4,0,3
96,0,1,265,6,4,30,6,0
97,0,0,261,5,1,34,2,3
98,0,1,397,2,2,22,2,0
99,1,1,119,1,1,14,3,0
100,0,0,290,7,6,24,5,2
101,0,0,315,2,8,54,1,2
102,1,1,225,3,2,20,0,3
103,0,1,255,7,2,16,5,2
104,0,1,242,4,4,30,2,2
105,0,1,44,3,1,12,1,2
106,0,1,303,0,1,20,1,2
107,0,0,287,3,7,42,0,3
108,0,1,287,5,2,16,5,3
109,0,0,174,1,2,26,1,0
110,0,0,152,2,2,10,0,2
111,0,1,297,5,1,12,3,2
112,0,1,100,6,1,6,5,1
113,0,1,144,2,2,18,0,2
114,1,1,373,6,1,18,6,0
115,0,1,176,3,7,48,0,3
116,0,0,379,1,2,18,1,0
117,0,0,220,6,1,12,5,1
118,1,1,262,4,2,28,1,3
119,1,1,130,2,6,52,1,1
120,1,0,331,6,2,14,6,0
121,0,1,240,3,2,18,2,1
122,0,1,346,5,3,18,5,0
123,0,1,176,4,2,6,4,0
124,0,0,125,3,2,10,2,2
125,1,1,192,11,1,14,8,3
126,1,1,504,11,11,42,9,2
127,1,1,315,8,2,18,9,1
128,1,1,100,3,1,26,2,3
129,1,1,87,2,1,16,3,3
130,0,1,362,2,2,32,-1,3
131,0,0,130,2,3,22,1,1
132,0,0,234,3,1,24,0,3
133,1,1,404,3,2,18,4,1
134,0,0,295,2,2,20,2,0
135,0,1,350,7,9,44,5,2
136,1,0,319,1,1,38,1,0
137,0,1,178,0,1,6,8,0
138,0,1,82,3,1,8,0,3
139,0,1,310,0,2,18,0,0
140,0,0,445,3,4,26,0,3
141,0,0,141,0,4,18,3,2
142,1,1,234,7,1,16,4,3
143,0,1,266,3,2,24,1,2
144,0,1,314,1,1,22,1,0
145,0,0,282,2,1,22,0,2
146,0,1,264,3,1,26,1,2
147,1,1,129,1,1,22,-1,2
148,0,1,238,3,2,22,3,0
149,0,0,214,2,6,22,-1,3
150,0,1,226,0,11,66,7,0
151,0,1,287,5,8,40,5,0
152,0,0,94,1,1,6,6,1
153,0,1,262,2,2,16,0,2
154,0,0,214,4,1,14,2,2
155,0,0,432,2,7,42,2,0
156,0,1,302,2,2,8,5,0
157,0,0,295,1,1,4,6,0
158,0,1,168,2,1,30,0,2
159,0,1,73,3,2,8,0,3
160,0,1,284,1,2,22,1,0
161,0,0,362,3,1,20,0,3
162,0,0,202,2,10,44,2,0
163,0,1,207,1,1,16,0,1
164,1,1,320,4,1,12,1,3
165,0,1,209,4,2,20,4,0
166,1,0,421,8,2,22,9,1
167,1,1,178,6,5,38,6,1
168,0,1,200,1,3,40,1,1
169,0,1,359,2,1,14,-1,3
170,0,1,385,8,1,2,7,1
171,1,1,285,6,2,16,4,3
172,1,1,306,6,5,34,6,0
173,0,1,396,3,2,16,0,3
174,0,1,348,2,2,28,-1,3
175,0,1,342,6,2,16,3,3
176,0,0,214,5,3,24,3,2
177,1,1,180,1,2,18,4,0
178,0,1,368,2,4,14,0,2
179,0,1,250,2,2,24,0,2
180,0,1,280,1,2,24,-1,2
181,0,1,534,5,9,66,3,2
182,0,1,293,4,1,8,3,1
183,0,1,418,7,5,42,5,2
184,0,1,310,1,1,10,-1,2
185,1,1,390,3,2,26,2,3
186,0,1,514,3,11,72,0,3
187,0,0,47,5,2,10,8,0
188,0,1,100,0,2,20,0,0
189,0,0,341,5,1,16,5,0
190,1,1,617,4,12,56,2,2
191,0,0,448,3,10,52,3,0
192,0,0,76,0,1,16,3,1
193,0,1,389,3,1,12,0,3
194,1,1,365,4,11,76,4,0
195,0,1,107,4,1,10,3,1
196,1,1,97,3,2,26,1,2
197,0,1,87,0,1,18,1,1
198,0,1,79,1,2,22,2,0
199,0,1,212,5,1,2,2,3
200,0,0,82,2,4,30,1,1
201,0,0,313,0,1,16,5,0
202,0,1,159,3,1,4,4,1
203,0,1,310,1,1,12,1,0
204,1,1,333,5,11,78,5,0
205,1,1,324,4,5,56,3,1
206,0,1,330,2,3,24,6,3
207,0,1,306,5,2,16,6,0
208,0,1,346,0,1,2,1,3
209,0,1,362,2,1,14,-1,3
210,0,1,80,9,2,14,8,1
211,0,1,245,10,8,18,8,2
212,0,1,154,3,2,36,0,3
213,0,1,47,2,2,22,2,0
214,0,1,394,2,1,16,-1,3
215,0,0,198,2,1,30,-1,3
216,0,1,375,2,2,14,2,0
217,0,1,297,5,1,4,4,3
218,0,1,220,1,11,58,0,3
219,1,1,448,3,4,28,0,3
220,0,1,348,4,2,20,5,0
221,0,0,262,2,2,26,1,1
222,0,1,306,1,1,14,0,1
223,0,1,254,9,2,6,6,3
224,0,1,391,1,2,18,-1,3
225,0,1,315,3,6,58,2,1
226,0,1,31,1,1,34,1,0
227,1,1,402,3,2,26,0,3
228,1,0,444,9,11,48,7,3
229,0,1,281,5,1,2,4,1
230,1,1,127,8,1,16,6,2
231,0,1,342,3,10,54,1,2
232,0,1,199,2,1,14,-1,3
233,0,1,149,9,2,14,6,3
234,0,1,189,2,1,16,1,1
235,0,1,131,2,1,12,2,0
236,0,1,285,9,4,24,8,1
237,0,0,154,7,2,22,4,3
238,0,0,274,2,1,34,0,2
239,1,1,360,1,2,26,2,2
240,0,0,343,1,2,24,4,0
241,1,1,293,2,10,72,-1,3
242,0,0,177,1,1,14,1,0
243,1,1,479,5,12,82,3,2
244,0,0,192,1,1,12,1,0
245,1,1,104,1,2,20,-1,2
246,1,1,48,10,2,26,8,2
247,0,0,351,2,1,2,6,1
248,0,1,341,6,2,16,5,1
249,0,1,42,1,1,14,0,1
250,0,1,51,3,1,12,0,3
251,1,0,355,3,1,20,0,3
252,0,1,335,1,1,16,-1,2
253,1,1,293,5,2,22,2,3
254,0,1,374,2,2,18,-1,3
255,0,1,309,8,1,2,5,3
256,0,0,301,6,10,62,5,1
257,0,0,506,3,10,54,1,2
258,1,1,419,2,2,28,-1,3
259,1,1,165,4,2,30,2,2
260,0,0,412,4,4,34,2,2
261,0,0,347,0,3,24,0,0
262,1,1,155,11,2,22,9,2
263,0,1,152,4,1,24,1,3
264,0,0,391,4,1,34,2,2
265,0,1,414,8,2,10,6,2
266,0,0,355,1,1,14,2,0
267,0,1,45,6,2,14,6,0
268,0,1,201,1,2,12,4,2
269,1,1,366,2,1,20,-1,3
270,1,1,197,2,5,36,2,3
271,0,0,427,3,10,36,2,3
272,0,0,241,3,2,12,2,1
273,0,0,251,5,10,56,5,2
274,0,1,376,0,1,30,0,0
275,0,1,187,6,2,12,5,1
276,1,1,358,8,1,18,9,3
277,0,1,275,4,1,14,3,1
278,1,1,346,1,2,18,0,1
279,1,0,450,4,6,48,3,1
280,0,1,149,2,1,20,0,2
281,0,1,184,1,1,8,0,1
282,1,1,208,3,9,56,3,0
283,1,1,251,0,1,20,3,2
284,1,1,358,2,1,32,2,0
285,0,1,184,5,1,2,5,0
286,0,1,256,3,4,38,4,2
287,0,1,357,4,2,12,6,0
288,0,1,284,1,8,48,1,0
289,0,1,126,5,1,12,2,3
290,0,1,71,1,2,32,0,3
291,0,1,285,1,1,6,-1,2
292,0,0,318,7,2,12,4,3
293,0,1,205,1,1,12,1,0
294,0,0,372,2,3,22,2,0
295,0,0,385,3,1,14,0,3
296,0,0,260,2,1,10,0,2
297,0,1,155,9,2,14,8,1
298,0,1,149,8,6,46,5,3
299,0,1,322,0,5,20,2,3
300,0,0,418,2,10,46,0,2
301,0,1,292,3,2,32,2,1
302,0,1,242,2,2,20,2,0
303,0,0,251,4,1,20,2,2
304,1,1,372,2,1,24,1,3
305,0,1,97,2,4,32,-1,3
306,0,1,72,2,3,22,0,2
307,0,1,337,8,2,24,5,3
308,0,1,135,5,2,4,5,0
309,0,1,212,2,1,4,5,1
310,0,1,93,3,2,18,0,3
311,0,0,351,10,2,18,7,3
312,0,0,110,4,1,18,2,2
313,1,1,198,3,1,18,3,0
314,0,0,193,3,2,38,1,2
315,1,1,319,5,5,32,3,2
316,0,1,206,1,1,14,0,2
317,1,1,365,8,8,44,5,3
318,0,0,335,1,8,60,4,0
319,1,1,357,0,9,78,3,1
320,0,1,409,6,1,6,5,1
321,0,0,212,1,3,40,-1,2
322,0,0,344,2,1,12,1,1
323,1,1,580,3,10,92,0,3
324,0,1,329,2,1,12,2,0
325,0,0,222,1,2,30,0,1
326,0,0,103,1,1,12,1,1
327,1,1,378,8,2,32,7,2
328,0,0,250,1,2,32,0,1
329,0,1,300,4,1,16,3,1
330,1,1,336,7,2,18,9,0
331,0,1,78,2,1,8,1,1
332,0,1,315,3,1,20,0,3
333,0,1,266,5,1,14,3,2
334,1,1,123,2,1,16,3,2
335,1,1,234,4,5,34,3,1
336,0,0,29,2,1,10,-1,3
337,1,1,54,6,1,16,3,3
338,1,0,502,11,10,36,9,2
339,1,1,252,2,1,22,3,3
340,0,1,204,1,2,32,0,1
341,1,1,217,9,8,42,9,0
342,0,1,129,2,2,18,0,2
343,0,1,317,0,10,62,-1,1
344,1,0,530,6,10,68,6,3
345,0,1,243,2,2,18,1,1
346,1,1,71,7,1,12,7,1
347,0,1,103,2,2,12,-1,3
348,0,1,430,2,3,24,7,0
349,0,1,104,2,2,10,7,1
350,0,1,235,9,2,6,10,0
351,1,1,186,0,2,30,0,0
352,1,1,344,2,12,40,1,1
353,0,0,298,2,2,38,2,0
354,1,1,112,2,1,20,-1,3
355,1,1,110,1,1,16,6,0
356,0,1,246,4,4,18,2,2
357,1,1,115,0,2,24,0,0
358,0,1,384,2,5,24,3,3
359,0,1,584,6,10,38,8,1
360,0,1,364,0,1,28,1,0
361,0,1,166,6,2,16,4,2
362,0,1,22,3,1,12,1,2
363,1,0,24,2,1,14,0,2
364,0,0,357,2,5,30,-1,3
365,0,0,379,0,1,14,2,3
366,0,0,385,1,1,8,3,0
367,0,0,168,1,1,36,0,1
368,1,1,420,3,12,84,3,0
369,0,1,362,4,2,14,2,2
370,0,1,168,5,2,18,5,0
371,0,0,290,5,2,24,4,1
372,0,1,342,1,10,36,1,0
373,0,1,49,1,1,12,3,1
374,0,0,303,6,4,30,6,0
375,0,1,221,4,2,18,1,3
376,1,1,347,3,2,18,0,3
377,0,1,218,2,1,16,-1,3
378,0,1,205,3,5,50,2,1
379,0,1,345,4,12,66,2,2
380,0,1,414,4,2,16,3,1
381,0,1,391,2,3,18,-1,3
382,0,1,127,0,1,16,1,1
383,0,1,517,6,9,24,7,1
384,0,1,263,2,1,10,2,0
385,0,0,54,3,1,22,1,2
386,0,1,242,0,1,24,0,0
387,0,1,313,0,1,14,2,2
388,0,1,209,4,1,10,3,1
389,1,1,309,1,4,26,1,0
390,0,0,110,2,1,6,6,0
391,0,1,375,2,6,66,-1,3
392,0,1,288,3,8,78,0,3
393,0,1,264,5,1,10,5,0
394,1,1,323,3,11,48,2,3
395,0,1,319,3,2,20,0,3
396,0,1,381,1,5,30,1,0
397,0,1,175,3,2,20,3,0
398,0,0,106,9,2,12,7,2
399,1,1,212,2,1,20,3,0
400,0,1,407,3,1,14,2,1
401,0,1,313,5,12,46,2,3
402,0,0,231,9,5,14,7,2
403,0,0,236,4,1,4,1,3
404,0,0,500,8,8,50,5,3
405,0,1,202,7,7,24,5,2
406,1,1,172,0,2,34,1,0
407,0,1,114,1,2,24,1,0
408,0,1,171,5,1,16,3,2
409,0,1,130,2,1,8,1,1
410,0,1,299,1,2,12,1,1
411,0,0,309,0,1,14,-1,1
412,0,1,172,1,1,14,-1,2
413,1,1,152,2,7,48,1,1
414,1,1,274,8,6,46,8,0
415,1,1,441,3,12,60,10,1
416,1,1,396,3,5,36,7,0
417,0,0,361,2,1,12,0,2
418,0,1,482,4,11,86,1,3
419,1,1,234,9,2,28,8,2
420,0,1,313,4,2,14,3,1
421,0,1,362,2,1,16,-1,3
422,0,1,217,1,2,22,-1,3
423,0,1,372,1,1,12,0,1
424,0,1,120,1,2,30,2,0
425,1,1,277,2,2,32,1,1
426,1,1,24,2,1,24,2,0
427,0,1,297,3,11,52,1,2
428,0,1,316,2,12,80,0,2
429,0,1,43,7,1,16,7,0
430,0,1,117,7,1,12,7,0
431,0,0,351,0,2,32,-1,1
432,0,1,297,2,5,32,0,2
433,0,1,481,5,5,28,4,1
434,0,1,182,1,2,22,1,0
435,0,0,212,1,1,20,0,1
436,1,1,363,8,1,12,8,0
437,1,1,37,4,1,26,1,3
438,0,1,47,8,2,12,8,0
439,0,0,384,2,6,42,0,2
440,0,1,92,5,1,12,3,2
441,0,1,361,2,2,20,1,1
442,1,1,196,7,5,38,4,3
443,1,0,23,2,1,26,-1,3
444,1,0,216,5,1,12,7,2
445,0,1,185,2,2,18,1,1
446,1,1,169,5,3,28,2,3
447,0,0,191,4,8,50,4,0
448,0,1,47,9,2,24,6,3
449,0,1,386,0,3,32,4,2
450,0,1,211,2,1,14,0,2
451,0,1,268,3,1,14,4,2
452,0,1,341,4,2,30,3,1
453,0,0,393,1,3,32,1,1
454,0,0,81,5,2,14,9,2
455,0,1,115,1,2,38,1,0
456,0,1,412,1,11,58,1,2
457,1,0,156,6,2,18,4,2
458,0,1,531,2,10,48,0,2
459,0,1,402,1,2,18,4,3
460,0,1,301,2,2,26,0,3
461,0,1,287,8,2,20,6,2
462,0,1,63,8,2,16,7,1
463,0,1,324,7,1,4,5,2
464,0,1,319,0,1,6,2,1
465,0,1,300,6,10,46,9,0
466,0,1,342,2,2,18,2,0
467,0,0,203,5,1,10,2,3
468,0,1,312,4,2,8,4,0
469,1,1,410,1,1,18,0,1
470,0,0,284,0,2,36,1,2
471,0,0,409,3,1,14,2,1
472,0,1,110,2,2,24,0,2
473,1,0,530,9,12,50,7,2
474,1,1,387,4,1,20,1,3
475,1,0,106,1,1,26,0,1
476,0,1,119,0,1,30,1,3
477,1,1,161,10,7,36,8,2
478,1,1,375,9,2,26,8,2
479,0,1,226,2,3,32,-1,3
480,1,1,170,0,2,28,0,0
481,0,0,195,6,2,12,6,1
482,1,1,310,2,1,22,-1,3
483,0,1,356,6,1,10,4,2
484,0,1,357,2,2,16,-1,3
485,1,1,51,4,2,24,2,2
486,0,1,110,7,1,4,7,0
487,0,1,381,7,1,12,4,3
488,0,1,78,4,1,8,2,2
489,0,0,229,4,10,42,5,1
490,0,1,348,2,3,30,2,0
491,1,0,193,4,9,58,7,3
492,1,0,484,9,11,50,8,1
493,1,1,396,3,2,16,9,1
494,1,0,525,5,8,54,6,2
495,1,1,305,5,4,46,3,3
496,0,1,180,3,2,20,0,3
497,0,1,283,1,6,34,4,2
498,1,1,351,10,4,40,7,3
499,0,1,302,4,1,2,3,1
500,0,0,248,7,2,12,5,2
501,0,0,194,3,4,38,0,3
502,1,1,400,2,2,20,1,1
503,0,1,160,4,2,10,2,2
504,0,1,257,8,5,32,8,0
505,1,1,280,0,1,18,0,0
506,0,1,155,1,7,54,1,0
507,1,1,47,2,1,26,0,2
508,1,0,469,11,10,32,9,2
509,0,0,132,3,4,50,1,2
510,0,1,341,9,1,6,8,1
511,1,1,375,2,2,24,2,0
512,0,0,109,3,2,20,1,2
513,1,1,344,8,6,40,6,2
514,0,1,322,7,1,10,6,1
515,0,1,186,0,2,8,-1,3
516,0,0,439,2,10,56,1,2
517,0,1,555,4,9,48,2,2
518,0,1,409,4,2,10,2,2
519,0,1,192,1,2,18,2,0
520,0,1,168,2,6,40,1,1
521,0,1,449,4,8,44,4,0
522,1,1,237,3,5,52,1,2
523,0,1,255,1,2,22,2,0
524,0,1,252,2,1,16,-1,3
525,1,1,458,7,9,72,6,1
526,1,1,351,7,1,14,7,0
527,0,0,516,5,10,28,7,1
528,0,1,392,2,1,14,1,1
529,1,1,559,9,9,32,6,3
530,1,1,430,2,5,52,1,1
531,1,1,395,1,2,42,0,1
532,0,1,334,1,1,14,1,0
533,0,0,46,3,1,26,1,2
534,0,1,81,4,2,22,4,0
535,0,0,391,4,1,12,3,1
536,0,1,324,0,1,36,0,1
537,0,1,423,3,7,44,1,2
538,0,0,231,1,1,2,0,3
539,0,0,201,1,10,82,0,1
540,1,0,400,7,1,20,5,2
541,1,1,489,1,10,70,3,1
542,0,1,288,7,1,4,7,0
543,1,0,327,5,2,20,2,3
544,0,1,150,1,1,12,-1,2
545,0,1,161,4,1,10,2,2
546,0,0,434,1,4,18,1,2
547,0,0,72,1,1,12,0,1
548,0,1,227,8,1,6,8,0
549,0,1,251,1,2,12,1,0
550,0,1,183,2,2,24,2,0
551,1,1,215,11,2,16,8,3
552,0,0,33,0,1,8,3,1
553,0,0,163,2,1,8,-1,3
554,0,0,304,3,1,8,3,1
555,0,0,254,1,1,28,-1,2
556,1,1,213,0,2,18,0,0
557,0,1,167,2,2,34,-1,3
558,0,0,136,5,2,24,2,3
559,1,1,302,2,5,34,5,2
560,0,0,522,0,10,54,3,2
561,0,1,218,3,5,32,1,2
562,0,0,228,5,11,48,3,2
563,0,1,112,2,1,14,-1,3
564,0,0,452,1,6,30,7,1
565,1,1,399,4,1,18,3,1
566,0,1,292,2,4,20,-1,3
567,0,1,295,2,1,22,2,0
568,0,1,357,9,12,30,7,2
569,0,1,140,5,1,16,4,1
570,0,1,155,3,1,16,1,2
571,0,0,228,4,1,4,2,2
572,0,1,377,2,1,20,-1,3
573,0,0,199,4,1,18,1,3
574,1,1,251,1,8,60,3,3
575,0,1,342,3,1,12,0,3
576,1,1,96,1,2,28,0,1
577,1,1,438,0,6,42,0,0
578,1,1,260,5,12,72,2,3
579,1,1,443,3,5,30,0,3
580,0,1,439,3,12,54,0,3
581,0,0,330,3,2,20,0,3
582,0,1,177,2,7,48,2,0
583,1,1,271,1,1,24,0,1
584,0,1,244,2,1,10,0,2
585,1,1,132,4,2,36,2,2
586,0,1,149,7,2,14,5,2
587,0,1,368,2,1,30,1,1
588,0,0,510,6,9,38,4,2
589,0,1,91,7,1,16,6,1
590,0,0,372,1,7,44,0,1
591,0,0,162,10,4,22,9,1
592,1,1,309,8,2,18,5,3
593,1,1,327,4,1,20,1,3
594,1,0,146,3,2,18,3,0
595,0,1,372,2,11,76,1,1
596,1,1,415,2,9,76,0,2
597,1,1,260,1,5,46,1,0
598,1,1,415,3,2,32,0,3
599,1,1,313,6,2,28,4,3
600,0,1,236,3,1,16,3,0
601,1,1,291,1,2,30,0,1
602,1,1,171,2,1,14,1,1
603,0,1,266,6,1,4,4,3
604,0,1,89,6,2,14,5,1
605,1,1,406,10,1,12,7,3
606,0,1,124,5,1,12,2,3
607,0,0,287,1,1,6,1,0
608,1,1,215,8,11,58,8,0
609,0,0,306,5,2,14,3,2
610,0,1,100,3,1,14,2,1
611,0,1,180,3,2,22,1,2
612,0,0,409,1,2,16,1,0
613,0,1,374,7,8,40,7,0
614,0,0,423,2,2,20,0,2
615,0,1,213,2,4,24,1,1
616,0,1,396,2,2,6,-1,3
617,0,1,124,1,1,6,5,2
618,0,0,67,4,3,22,1,3
619,0,1,149,7,1,4,6,1
620,1,1,117,2,2,16,2,0
621,1,1,397,2,1,16,2,0
622,0,0,179,6,2,8,5,1
623,1,1,317,10,9,62,10,0
624,1,1,268,3,2,24,3,0
625,1,0,432,11,12,94,8,3
626,0,0,159,5,1,10,2,3
627,0,0,381,1,4,28,1,0
628,0,0,363,3,2,10,1,2
629,1,1,58,4,2,14,1,3
630,1,1,541,2,8,56,2,0
631,0,1,291,0,1,10,-1,1
632,0,1,333,1,7,68,-1,3
633,1,1,323,1,1,24,-1,2
634,0,1,325,4,2,12,4,0
635,1,1,521,7,10,44,7,0
636,0,1,376,10,1,4,10,0
637,0,1,150,1,1,12,-1,2
638,0,1,322,5,2,12,2,3
639,0,0,294,5,2,18,4,1
640,0,0,62,6,2,16,5,1
641,1,1,377,2,6,38,2,0
642,1,1,314,1,2,26,-2,3
643,0,0,302,6,2,18,3,3
644,1,1,328,7,1,16,4,3
645,0,1,480,7,11,70,6,1
646,1,1,385,2,6,42,6,2
647,0,1,267,6,2,6,6,0
648,0,1,141,1,1,18,-1,2
649,0,1,266,9,4,16,9,0
650,1,1,246,6,2,28,4,2
651,1,1,315,2,1,20,-1,3
652,1,1,280,4,11,76,3,1
653,0,1,417,3,3,38,2,1
654,0,0,415,2,2,22,2,0
655,1,1,394,0,2,28,3,3
656,1,1,357,1,5,40,4,3
657,0,1,340,1,2,38,1,0
658,0,1,97,3,2,18,0,3
659,1,1,362,7,1,14,5,2
660,0,0,44,5,1,14,3,2
661,0,0,314,1,2,22,5,3
662,0,1,405,6,1,6,6,0
663,0,1,57,1,2,18,1,1
664,0,1,93,1,1,12,-1,2
665,1,1,112,6,4,24,4,2
666,0,1,115,3,2,16,2,1
667,0,1,102,8,2,14,8,0
668,1,1,335,10,11,48,8,2
669,1,1,271,9,1,16,8,1
670,0,1,256,2,2,32,0,2
671,0,0,378,4,5,16,3,1
672,1,1,73,8,1,20,8,0
673,1,1,237,1,1,24,4,1
674,0,1,260,4,1,8,4,0
675,0,0,370,2,2,18,-1,3
676,1,1,134,1,2,26,0,1
677,0,0,125,2,4,28,1,1
678,0,1,361,4,1,14,2,3
679,1,1,325,4,4,40,3,1
680,1,1,470,2,6,46,2,0
681,0,0,528,4,9,50,3,1
682,1,1,434,8,7,38,6,2
683,0,0,81,4,1,14,2,3
684,0,1,451,0,12,52,0,0
685,0,1,367,3,2,34,3,0
686,0,1,278,4,1,6,4,0
687,0,0,141,0,2,28,2,1
688,0,1,418,9,3,18,6,3
689,0,0,269,0,2,8,8,1
690,1,1,340,2,7,50,-1,3
691,1,1,222,0,1,14,3,3
692,0,0,208,6,2,16,5,1
693,1,1,288,4,7,44,3,1
694,0,1,176,0,4,22,0,0
695,0,1,565,1,11,66,1,0
696,0,1,174,3,2,22,1,2
697,0,1,334,7,8,50,4,3
698,0,1,256,3,2,18,0,3
699,0,0,616,3,12,66,1,2
700,0,1,138,2,1,18,2,0
701,0,1,171,2,2,22,-1,3
702,0,1,136,3,2,24,1,2
703,0,0,259,3,7,44,5,1
704,0,0,484,7,6,38,6,3
705,0,1,139,5,1,16,5,0
706,1,1,388,1,2,32,0,1
707,0,1,325,6,1,12,6,0
708,0,1,364,1,1,20,1,0
709,0,1,190,2,2,22,0,2
710,0,1,155,2,1,16,0,2
711,1,1,348,6,9,60,5,1
712,1,1,246,3,5,38,6,3
713,0,0,303,3,1,16,0,3
714,1,1,141,6,2,20,5,1
715,1,1,290,2,9,60,-1,3
716,1,1,464,4,6,32,4,0
717,0,1,82,9,1,14,7,2
718,1,1,80,4,1,26,3,1
719,1,1,194,3,4,30,5,2
720,0,0,218,2,1,12,0,2
721,1,1,157,8,3,28,5,3
722,0,1,207,5,2,14,2,3
723,1,1,182,0,7,48,5,2
724,0,1,195,8,1,2,5,3
725,0,0,277,1,1,32,-1,2
726,1,1,47,0,1,12,6,1
727,0,1,182,2,1,30,-1,3
728,1,1,75,2,2,18,1,1
729,0,0,289,1,2,32,-1,2
730,0,1,192,1,1,36,1,0
731,0,0,306,2,1,18,0,2
732,0,0,397,7,1,2,5,2
733,0,1,526,8,7,38,6,2
734,0,1,319,2,1,12,1,1
735,1,1,100,8,4,36,5,3
736,0,1,161,4,1,16,2,2
737,0,1,281,2,1,6,9,0
738,0,1,386,1,1,10,-1,2
739,0,1,163,5,1,12,4,1
740,0,1,40,1,1,10,1,2
741,1,1,239,6,1,12,5,1
742,0,1,407,2,5,32,2,1
743,0,1,117,4,3,16,2,2
744,0,1,429,9,3,12,7,2
745,0,0,95,0,2,24,2,0
746,0,1,285,7,2,8,9,1
747,0,1,370,1,1,30,0,1
748,0,1,348,2,12,72,2,0
749,1,1,365,8,2,22,5,3
750,0,0,206,5,1,2,4,1
751,0,0,215,4,3,22,4,0
752,0,1,132,7,2,16,4,3
753,1,1,442,3,6,46,1,2
754,0,0,355,6,3,26,3,3
755,1,1,187,3,1,24,0,3
756,0,1,253,3,5,30,3,0
757,0,1,388,2,1,12,1,1
758,0,1,59,8,2,20,5,3
759,1,1,45,1,1,24,1,0
760,0,1,70,3,1,8,0,3
761,1,1,101,6,1,20,4,2
762,0,1,104,0,1,26,1,1
763,0,1,105,4,2,14,2,2
764,1,1,301,8,1,14,7,1
765,0,0,323,8,5,24,7,1
766,0,0,237,2,1,12,2,0
767,0,1,357,2,1,16,1,1
768,0,1,245,2,5,30,0,2
769,0,1,199,5,1,4,8,3
770,0,1,258,4,12,26,3,1
771,0,0,286,9,2,18,9,2
772,0,1,134,1,1,28,1,0
773,1,1,397,0,2,18,0,0
774,0,0,173,7,2,20,4,3
775,1,1,103,6,2,20,6,0
776,0,0,118,6,2,14,3,3
777,0,1,245,6,1,10,4,2
778,1,1,360,3,2,22,3,3
779,1,1,256,1,4,26,1,0
780,1,1,410,3,2,18,3,0
781,0,0,132,1,1,30,0,1
782,0,1,351,4,2,18,3,2
783,0,1,332,5,3,28,4,1
784,0,1,291,4,1,12,2,2
785,0,0,375,4,1,4,1,3
786,1,1,379,9,1,12,7,2
787,0,0,209,6,1,8,3,3
788,0,0,243,2,6,44,1,1
789,0,1,59,1,1,8,5,1
790,0,1,322,1,4,30,0,2
791,0,0,340,3,1,18,0,3
792,0,1,260,3,4,20,5,1
793,0,1,477,2,12,70,1,1
794,1,1,308,2,1,18,2,0
795,1,1,263,4,11,42,4,0
796,1,1,148,5,1,18,4,1
797,1,0,204,6,1,20,5,1
798,0,0,524,6,8,54,6,0
799,0,1,392,0,3,26,-1,2
800,0,0,140,2,6,30,5,0
801,1,1,350,3,3,22,3,0
802,0,1,180,1,1,22,0,1
803,0,1,37,2,1,12,1,1
804,0,0,108,1,1,20,-1,2
805,0,0,190,3,1,2,2,1
806,1,1,358,5,1,12,3,2
807,0,1,58,9,2,10,6,3
808,1,1,528,10,12,80,7,3
809,0,1,198,2,1,30,-1,3
810,0,0,24,3,1,2,3,0
811,0,1,182,8,1,8,7,1
812,1,1,221,2,11,60,1,2
813,0,1,183,1,9,44,1,3
814,1,1,443,8,5,38,8,0
815,0,0,214,3,2,14,6,3
816,0,1,167,7,2,6,6,1
817,0,1,241,1,2,10,0,1
818,1,1,301,5,2,22,3,2
819,1,1,376,2,1,40,2,0
820,0,1,104,0,1,20,1,2
821,1,1,300,4,1,26,1,3
822,1,1,387,9,3,24,9,0
823,0,1,176,4,1,10,1,3
824,1,1,245,2,3,32,2,0
825,0,1,431,2,2,8,1,1
826,0,1,150,2,1,16,-1,3
827,0,1,292,2,2,20,-1,3
828,0,0,122,0,2,24,0,0
829,1,1,401,7,1,18,5,2
830,0,1,266,3,2,16,0,3
831,0,1,89,9,2,12,9,0
832,1,1,307,3,2,18,7,3
833,0,1,71,0,2,6,0,0
834,1,1,317,2,2,34,1,1
835,1,1,184,1,1,12,6,1
836,0,0,166,0,1,28,0,0
837,1,1,105,6,1,24,6,0
838,0,0,156,3,7,66,2,1
839,0,0,378,2,2,22,1,1
840,0,1,252,8,1,12,6,2
841,1,1,167,2,4,26,5,0
842,0,1,453,2,6,30,1,1
843,0,0,79,2,4,32,-1,3
844,1,1,534,6,11,56,8,1
845,0,1,410,2,1,10,0,2
846,0,1,262,0,1,12,3,3
847,0,0,75,2,2,30,1,1
848,0,1,319,7,2,8,9,3
849,1,1,231,0,11,74,6,1
850,0,1,113,6,1,4,7,2
851,0,1,163,1,1,14,0,1
852,0,1,155,3,5,26,0,3
853,0,1,150,1,1,12,4,1
854,0,1,396,10,2,16,8,2
855,1,1,229,0,1,20,0,1
856,0,1,103,2,1,12,0,2
857,1,1,120,6,3,26,8,0
858,1,1,368,8,2,26,6,2
859,1,1,412,2,2,20,3,0
860,0,0,279,3,2,20,2,1
861,0,0,365,6,3,18,5,1
862,0,1,164,1,2,8,4,1
863,1,1,338,3,7,44,2,1
864,1,1,492,5,11,46,4,1
865,0,1,99,4,2,22,4,0
866,1,1,241,3,10,76,2,1
867,1,1,505,7,11,46,7,0
868,0,1,104,5,2,14,5,0
869,0,1,95,1,1,10,0,1
870,0,1,471,4,9,46,7,3
871,0,1,52,2,1,16,-1,3
872,0,0,362,2,1,14,2,0
873,0,1,414,2,2,36,-1,3
874,1,1,357,4,2,22,3,1
875,0,0,198,6,1,4,5,1
876,0,1,36,2,1,16,1,1
877,1,1,328,10,2,18,8,2
878,0,1,301,3,9,44,3,0
879,1,1,502,8,9,50,6,2
880,0,0,299,5,8,32,2,3
881,0,1,395,3,11,62,1,2
882,0,0,484,3,6,54,2,1
883,1,0,183,4,9,40,3,2
884,0,1,56,4,2,18,1,3
885,0,1,244,1,2,12,1,0
886,0,0,115,4,3,26,4,0
887,0,1,270,3,1,12,3,1
888,1,1,330,2,1,34,-1,3
889,1,1,356,3,1,26,0,3
890,1,1,230,5,3,26,3,2
891,0,0,308,5,1,14,3,2
892,1,0,461,4,6,32,4,0
893,0,1,342,0,1,14,0,0
894,1,1,282,2,2,14,3,0
895,1,1,297,4,2,44,3,1
896,0,0,300,3,2,10,5,2
897,0,1,100,4,2,40,2,2
898,1,0,239,3,1,18,0,3
899,0,0,342,7,3,12,4,3
900,0,0,345,4,1,12,2,2
901,0,0,137,0,1,18,1,2
902,1,1,370,2,12,72,2,0
903,0,1,329,4,2,14,3,1
904,1,1,411,1,10,58,6,2
905,0,0,499,4,6,40,3,1
906,0,1,251,2,2,12,0,2
907,0,1,160,1,1,14,0,1
908,0,0,177,1,1,6,1,0
909,1,1,184,5,2,16,3,2
910,0,1,305,2,1,34,0,2
911,0,0,317,1,1,4,1,0
912,1,0,152,5,3,26,6,1
913,0,1,200,0,1,8,7,2
914,1,1,225,4,5,48,2,2
915,0,1,171,5,1,10,4,1
916,0,1,275,2,2,28,2,0
917,0,1,428,3,4,16,6,3
918,0,1,324,6,1,12,4,2
919,0,1,153,2,1,26,1,2
920,0,1,394,2,4,34,2,0
921,0,1,137,4,1,28,1,3
922,0,0,339,8,10,44,5,3
923,0,1,386,1,2,14,1,0
924,1,1,343,1,1,20,-1,3
925,0,0,116,7,2,8,7,0
926,0,1,368,2,12,66,7,1
927,0,1,390,2,4,24,0,2
928,1,0,239,7,1,12,4,3
929,0,1,121,4,5,26,4,0
930,0,1,425,4,10,56,1,3
931,0,1,161,1,2,18,1,0
932,0,1,160,0,2,12,6,0
933,0,1,75,6,2,14,5,3
934,1,1,79,2,4,38,0,2
935,0,1,359,6,2,20,6,2
936,1,1,359,4,2,24,2,2
937,0,1,345,7,6,40,7,0
938,0,1,411,5,9,66,5,0
939,0,0,125,4,1,8,3,1
940,0,0,295,3,1,18,3,0
941,1,1,157,7,2,16,5,2
942,0,1,80,2,1,14,3,3
943,0,1,172,2,2,10,0,2
944,1,1,331,3,1,20,6,2
945,0,1,332,1,3,24,3,1
946,0,0,428,2,2,24,2,0
947,0,1,188,0,6,46,0,0
948,0,0,333,1,1,10,1,0
949,0,0,158,3,1,8,2,1
950,1,1,172,2,1,22,5,2
951,0,1,360,2,8,26,1,1
952,0,0,418,2,2,34,1,1
953,0,1,307,3,1,30,2,1
954,0,0,187,2,1,12,0,2
955,0,0,298,6,8,24,6,0
956,0,1,317,3,2,10,2,1
957,0,1,254,10,10,50,7,3
958,0,1,393,3,7,62,1,3
959,0,1,265,4,2,14,2,2
960,1,1,328,8,2,28,6,2
961,1,1,361,2,2,26,2,0
962,1,1,319,1,4,44,1,0
963,0,1,345,2,1,16,0,2
964,1,1,135,9,1,18,6,3
965,0,0,148,0,1,16,0,0
966,1,1,280,1,2,18,8,0
967,0,0,60,8,2,20,6,2
968,0,1,275,2,1,12,2,0
969,0,1,111,3,2,22,0,3
970,1,1,381,2,7,62,0,2
971,0,1,54,3,1,14,1,2
972,0,1,410,4,1,2,1,3
973,0,1,163,1,2,22,1,0
974,0,1,176,9,1,6,7,2
975,0,1,359,3,2,42,1,3
976,0,1,374,3,1,22,2,1
977,0,0,223,1,9,50,1,0
978,0,1,445,0,6,30,0,0
979,0,1,340,2,2,22,2,0
980,0,1,136,3,1,28,2,1
981,0,1,123,2,1,10,7,1
982,0,0,247,7,9,50,4,3
983,0,1,457,5,11,66,4,1
984,1,1,413,3,3,30,3,0
985,0,1,194,0,3,40,-1,1
986,0,1,172,3,2,8,3,0
987,1,1,189,5,1,12,4,1
988,0,1,302,2,1,10,0,2
989,1,1,488,2,10,36,0,2
990,0,0,393,6,2,12,5,1
991,1,1,324,3,1,26,2,1
992,0,1,410,3,2,4,3,0
993,1,1,587,2,11,88,1,1
994,0,1,324,1,2,18,0,1
995,0,1,174,0,4,18,4,0
996,0,1,247,2,6,60,1,1
997,0,1,294,5,9,58,4,1
998,0,1,249,6,1,12,4,2
999,0,1,44,10,2,18,7,3
1000,1,1,282,8,5,46,5,3
1001,1,1,331,3,1,34,0,3
1002,0,1,212,10,5,22,10,0
1003,1,1,343,2,1,40,1,1
1004,0,1,255,5,1,6,5,0
1005,0,1,269,2,4,36,0,2
1006,0,1,155,3,5,20,2,1
1007,0,0,250,4,1,12,1,3
1008,1,1,201,1,7,56,6,3
1009,1,0,382,3,1,12,7,2
1010,0,1,220,1,1,4,5,1
1011,0,1,204,4,5,26,3,1
1012,0,1,221,1,1,10,0,3
1013,0,0,116,6,2,22,3,3
1014,0,1,357,1,1,10,-1,2
1015,1,0,317,7,1,26,5,2
1016,0,1,115,0,4,18,8,0
1017,0,1,165,0,8,48,0,3
1018,1,1,343,7,11,48,4,3
1019,0,1,327,2,2,28,1,1
1020,1,1,335,7,2,18,6,1
1021,0,1,381,1,1,16,-1,2
1022,0,1,80,1,4,28,0,3
1023,0,1,103,2,2,18,0,2
1024,0,1,313,9,3,14,6,3
1025,1,1,233,2,1,24,-1,3
1026,0,1,253,10,2,16,10,0
1027,0,0,356,3,3,16,3,0
1028,0,1,370,0,1,2,3,2
1029,1,1,293,5,4,42,5,0
1030,0,1,462,3,6,44,2,1
1031,0,1,169,0,2,20,2,0
1032,0,0,142,5,2,12,2,3
1033,0,1,155,1,6,46,6,0
1034,0,1,271,2,1,8,-1,3
1035,0,0,300,7,2,18,4,3
1036,0,1,82,2,1,8,0,2
1037,0,1,176,1,3,26,1,0
1038,0,0,241,4,5,44,2,2
1039,0,1,35,6,1,6,6,0
1040,0,1,324,1,2,40,0,1
1041,0,1,343,5,8,30,3,2
1042,0,1,109,1,3,20,0,1
1043,1,1,101,2,2,14,-1,3
1044,0,0,426,3,4,38,3,0
1045,0,1,211,1,6,42,0,1
1046,1,1,324,4,2,28,2,2
1047,0,0,242,4,2,6,5,0
1048,0,0,367,6,4,16,3,3
1049,1,1,73,3,3,18,0,3
1050,1,1,357,2,5,40,1,1
1051,0,1,230,3,1,8,1,2
1052,0,1,126,5,2,12,3,2
1053,0,1,279,4,5,20,1,3
1054,0,1,324,4,2,40,1,3
1055,1,1,88,2,1,20,0,2
1056,0,1,396,7,2,14,4,3
1057,0,1,138,2,2,30,2,0
1058,0,0,134,3,2,8,1,2
1059,0,1,248,5,10,72,3,2
1060,1,1,419,7,3,28,6,2
1061,0,1,199,2,1,10,5,2
1062,1,1,380,5,2,14,5,0
1063,0,1,221,3,2,18,0,3
1064,0,0,334,2,1,16,4,0
1065,0,1,412,2,6,32,0,2
1066,0,1,456,11,7,28,8,3
1067,0,1,426,7,2,12,5,2
1068,0,1,198,5,1,4,3,2
1069,1,1,458,7,4,36,5,2
1070,0,1,144,4,6,32,4,0
1071,1,1,239,6,1,12,4,2
1072,1,1,205,5,6,54,2,3
1073,0,1,229,5,1,12,3,2
1074,1,1,214,3,2,28,2,1
1075,0,0,404,3,2,18,3,0
1076,0,0,34,4,1,32,2,2
1077,0,1,231,2,1,30,0,3
1078,0,1,140,1,1,8,0,1
1079,0,0,453,2,5,42,1,1
1080,0,1,175,1,1,18,0,1
1081,1,0,375,0,4,34,0,0
1082,0,1,519,10,11,60,7,3
1083,1,0,135,2,3,42,1,1
1084,1,1,60,4,1,12,4,0
1085,0,0,181,1,5,30,1,3
1086,1,1,215,2,9,56,2,0
1087,0,1,40,1,1,12,0,1
1088,0,1,73,4,1,8,1,3
1089,0,1,68,3,2,36,0,3
1090,0,1,378,8,5,32,5,3
1091,0,1,44,2,1,16,2,0
1092,0,1,95,5,2,20,3,2
1093,0,1,286,4,6,34,1,3
1094,0,0,370,9,6,24,8,2
1095,1,1,358,8,2,28,5,3
1096,0,1,330,7,1,16,4,3
1097,0,1,108,7,1,10,7,0
1098,1,1,412,2,4,34,0,2
1099,0,0,404,7,4,32,5,2
1100,0,1,260,3,2,30,0,3
1101,0,0,355,4,2,14,6,0
1102,0,1,476,3,8,60,0,3
1103,0,1,264,1,3,28,-1,2
1104,0,1,222,0,2,18,6,0
1105,1,1,235,5,2,22,4,1
1106,1,1,210,1,7,28,1,3
1107,0,1,231,3,1,4,3,0
1108,0,1,206,2,3,10,1,1
1109,0,1,507,0,7,32,4,0
1110,1,1,164,0,2,28,2,1
1111,0,1,386,0,9,56,8,3
1112,0,1,403,3,1,14,0,3
1113,0,1,285,4,2,16,1,3
1114,1,1,62,2,3,20,1,1
1115,1,1,390,8,5,42,7,1
1116,0,0,46,0,2,16,0,0
1117,0,1,157,2,1,12,5,0
1118,0,0,135,7,1,2,4,3
1119,0,0,320,3,4,38,0,3
1120,0,1,140,2,2,8,8,2
1121,0,1,389,4,2,34,3,1
1122,0,1,376,2,2,30,-1,3
1123,1,1,286,6,6,38,6,0
1124,1,1,407,6,9,60,7,1
1125,0,1,498,6,11,64,4,2
1126,0,1,273,5,1,4,5,0
1127,0,1,215,2,2,12,2,1
1128,0,0,65,8,1,2,7,1
1129,0,1,223,0,1,16,0,0
1130,0,0,252,8,2,16,5,3
1131,0,0,165,4,2,14,3,1
1132,0,0,332,3,1,24,0,3
1133,1,1,55,4,1,12,2,2
1134,0,0,197,6,2,18,3,3
1135,1,1,162,9,3,22,6,3
1136,1,1,309,5,9,50,3,2
1137,0,1,467,2,12,60,7,1
1138,0,1,79,7,1,8,5,2
1139,1,1,301,5,2,30,2,3
1140,1,1,372,4,4,38,4,0
1141,0,1,387,4,1,12,4,2
1142,0,0,179,2,1,36,-1,3
1143,0,0,213,1,1,20,1,0
1144,0,1,116,10,2,10,7,3
1145,0,1,402,2,4,28,-1,3
1146,0,1,236,2,2,18,2,0
1147,0,0,287,1,1,10,1,0
1148,0,1,217,4,1,10,1,3
1149,0,1,120,2,1,14,-1,3
1150,0,1,383,2,1,16,2,0
1151,0,1,150,1,2,42,2,1
1152,0,1,133,4,2,26,2,2
1153,1,1,324,9,8,48,6,3
1154,0,0,345,3,8,62,4,2
1155,0,0,189,7,3,26,6,1
1156,0,0,258,4,7,48,2,2
1157,0,1,392,4,1,6,2,2
1158,0,1,290,6,1,2,5,1
1159,1,1,299,3,1,18,3,0
1160,0,0,140,4,1,8,3,1
1161,0,1,376,0,1,22,0,0
1162,0,1,192,1,1,4,3,2
1163,0,0,172,2,2,16,1,1
1164,1,1,152,3,2,22,1,2
1165,0,1,421,4,2,12,1,3
1166,0,0,408,3,1,4,2,1
1167,0,1,252,3,1,8,3,3
1168,1,1,241,4,12,76,1,3
1169,1,1,112,9,2,14,9,0
1170,0,1,299,6,1,2,6,1
1171,0,1,218,4,1,6,4,0
1172,1,1,305,0,8,62,8,0
1173,0,1,391,6,1,12,6,2
1174,0,1,501,0,8,50,-1,1
1175,1,1,512,6,11,60,6,0
1176,0,1,277,4,4,24,4,0
1177,0,1,410,0,5,34,6,0
1178,0,1,116,1,1,10,3,0
1179,1,1,289,2,7,80,-1,3
1180,0,1,356,0,10,70,0,0
1181,0,0,411,0,2,22,0,0
1182,0,1,106,3,2,14,4,3
1183,0,1,347,2,6,48,0,2
1184,0,1,41,2,1,4,2,0
1185,1,1,369,4,6,52,1,3
1186,0,0,314,1,1,4,-2,3
1187,1,1,117,2,2,28,1,1
1188,1,1,63,3,1,20,0,3
1189,0,1,278,3,1,16,3,0
1190,0,1,297,3,1,2,6,2
1191,0,1,214,3,1,22,2,1
1192,0,1,172,2,1,16,-1,3
1193,0,1,436,10,9,28,7,3
1194,0,1,373,4,1,10,2,2
1195,0,1,348,2,2,40,-1,3
1196,0,1,115,0,1,8,2,3
1197,0,1,367,0,1,2,2,2
1198,1,1,354,10,4,32,10,0
1199,0,1,182,5,9,38,2,3
1200,0,1,146,0,1,8,7,2
1201,0,1,23,2,1,16,-1,3
1202,0,1,391,4,7,46,3,1
1203,0,0,195,6,1,8,3,3
1204,1,1,357,0,1,22,1,2
1205,0,1,58,2,1,2,2,0
1206,0,0,241,1,1,14,2,3
1207,1,1,30,3,1,12,9,0
1208,0,0,151,4,2,20,1,3
1209,0,1,266,1,11,40,0,1
1210,1,1,283,5,1,12,2,3
1211,0,1,89,2,1,12,0,2
1212,1,1,85,4,2,30,4,0
1213,1,1,465,4,10,70,4,1
1214,0,0,250,3,1,18,2,1
1215,0,1,162,4,1,12,2,2
1216,1,1,252,8,2,28,5,3
1217,0,0,328,4,8,38,4,0
1218,1,1,182,4,2,30,2,2
1219,0,0,236,6,1,12,3,3
1220,1,1,52,0,1,44,0,0
1221,0,1,408,2,1,30,-1,3
1222,0,0,376,1,1,16,0,1
1223,0,1,363,1,3,22,1,0
1224,1,0,301,3,2,30,4,3
1225,0,1,334,1,5,32,0,2
1226,1,1,347,2,2,24,1,1
1227,0,0,163,0,2,10,3,2
1228,1,1,545,10,11,76,7,3
1229,1,1,376,3,1,26,2,1
1230,0,0,44,8,2,4,7,1
1231,0,0,347,4,1,16,3,1
1232,0,1,208,0,2,18,-1,2
1233,0,0,216,3,2,14,2,2
1234,0,1,109,3,1,16,0,3
1235,0,0,232,2,1,8,8,0
1236,0,0,123,1,1,16,4,0
1237,0,0,375,3,2,18,0,3
1238,0,1,237,3,2,18,0,3
1239,1,0,546,1,8,42,6,1
1240,0,0,68,4,2,8,1,3
1241,0,1,309,1,2,16,1,0
1242,0,0,366,1,1,34,0,1
1243,0,1,224,3,7,58,0,3
1244,0,1,113,0,1,16,0,0
1245,0,0,315,2,2,30,2,0
1246,0,1,408,0,4,32,0,0
1247,0,1,402,4,1,34,2,2
1248,0,1,394,7,2,8,4,3
1249,0,1,244,0,8,44,10,0
1250,0,0,146,2,2,16,-1,3
1251,0,1,311,8,8,58,5,3
1252,0,1,215,3,1,2,4,2
1253,0,0,334,2,8,60,-1,3
1254,0,1,141,4,1,30,2,2
1255,0,1,236,2,1,14,0,2
1256,0,1,75,5,2,20,2,3
1257,0,1,168,1,1,10,0,1
1258,0,0,194,6,1,10,5,1
1259,0,1,185,2,2,28,2,1
1260,0,1,192,2,2,36,0,2
1261,0,1,65,5,2,14,4,1
1262,1,1,320,2,1,40,2,0
1263,0,1,51,4,1,14,1,3
1264,0,1,426,8,9,38,6,2
1265,0,0,386,4,6,42,2,2
1266,0,0,170,2,2,22,-1,3
1267,0,1,286,2,1,14,-1,3
1268,0,0,259,1,1,30,0,1
1269,0,1,351,5,3,28,5,0
1270,1,1,333,3,2,22,2,1
1271,1,1,416,1,2,18,0,1
1272,0,0,396,1,12,48,1,0
1273,0,0,160,1,1,16,0,1
1274,1,1,95,2,4,26,1,1
1275,0,0,397,2,3,28,-1,3
1276,0,1,80,11,2,14,9,2
1277,0,1,122,7,2,16,4,3
1278,0,0,291,3,2,20,2,1
1279,0,0,53,7,2,16,7,0
1280,0,1,295,3,10,84,1,2
1281,0,1,281,5,1,10,4,1
1282,0,0,281,3,1,16,1,2
1283,0,1,343,0,1,10,4,1
1284,1,1,220,3,2,22,1,2
1285,0,0,184,5,2,4,4,1
1286,0,0,278,3,1,6,0,3
1287,0,1,349,1,6,44,0,1
1288,0,0,178,1,1,16,-1,2
1289,0,1,293,0,1,32,3,0
1290,0,0,62,11,1,2,8,3
1291,0,0,63,6,2,4,6,1
1292,1,1,460,5,7,66,5,0
1293,1,1,232,3,3,46,0,3
1294,0,1,352,4,1,2,3,1
1295,1,1,516,4,12,78,3,1
1296,0,1,279,2,2,16,2,0
1297,1,1,324,7,2,20,5,2
1298,1,1,97,1,2,24,1,0
1299,1,1,283,1,1,20,1,0
1300,0,1,278,9,1,2,9,0
1301,1,1,438,8,10,34,9,0
1302,0,1,167,0,2,16,0,0
1303,0,0,173,6,1,12,5,1
1304,0,1,288,0,2,18,0,0
1305,0,1,377,1,1,20,1,0
1306,0,1,200,5,8,38,3,2
1307,0,1,218,3,1,16,0,3
1308,1,1,189,3,1,22,0,3
1309,1,1,329,2,2,28,1,1
1310,0,1,348,9,3,18,6,3
1311,0,0,226,3,2,8,2,1
1312,0,0,40,3,1,4,1,2
1313,1,0,335,0,1,22,1,3
1314,1,1,265,0,1,22,0,3
1315,0,1,418,1,2,18,1,0
1316,1,1,264,6,6,50,5,1
1317,0,1,56,6,2,16,3,3
1318,0,0,523,0,8,40,6,2
1319,0,0,300,5,2,8,3,2
1320,1,0,242,6,10,50,6,0
1321,0,0,280,5,4,22,4,1
1322,1,1,411,4,1,12,1,3
1323,0,1,216,4,5,22,1,3
1324,0,1,122,3,1,12,1,2
1325,0,1,269,0,1,26,0,0
1326,0,1,378,0,1,10,-1,3
1327,0,1,154,1,1,28,2,1
1328,1,1,256,7,2,20,7,0
1329,0,0,205,4,1,18,1,3
1330,1,1,53,2,1,36,1,1
1331,1,1,444,11,3,26,10,1
1332,0,1,393,2,1,14,-1,3
1333,0,1,384,1,2,8,7,0
1334,0,1,284,1,1,2,7,0
1335,0,1,349,3,1,8,4,1
1336,0,1,199,4,3,24,7,1
1337,0,1,445,0,6,18,5,3
1338,0,1,294,3,1,16,3,0
1339,0,1,198,9,2,16,7,2
1340,1,1,227,5,2,24,9,0
1341,1,1,409,4,2,20,1,3
1342,0,1,85,5,2,26,2,3
1343,0,0,96,1,1,18,0,1
1344,0,1,354,2,1,16,-1,3
1345,1,1,237,5,1,16,6,1
1346,0,1,124,1,3,26,3,2
1347,0,1,309,3,2,20,3,3
1348,0,1,361,7,5,36,7,0
1349,1,1,300,2,2,14,0,2
1350,1,1,403,4,1,16,1,3
1351,1,1,108,2,3,26,1,1
1352,0,1,320,2,5,46,0,2
1353,1,0,146,2,2,30,2,0
1354,0,1,479,0,8,40,-1,3
1355,1,1,192,3,2,22,0,3
1356,0,0,421,2,4,20,2,3
1357,1,1,271,2,7,32,0,2
1358,0,1,223,2,1,12,1,1
1359,0,0,281,2,1,16,2,0
1360,0,1,367,2,1,14,2,2
1361,0,1,263,7,1,12,7,0
1362,0,1,156,1,1,12,0,1
1363,0,1,86,7,2,10,6,1
1364,0,0,251,1,2,40,2,0
1365,0,1,229,5,8,54,5,0
1366,1,1,336,4,6,48,1,3
1367,0,0,312,2,1,16,0,2
1368,0,1,23,1,1,12,-1,2
1369,0,1,539,1,9,74,-1,2
1370,0,1,241,10,1,2,7,3
1371,0,0,172,3,2,38,0,3
1372,0,0,457,3,5,38,2,1
1373,0,1,188,2,1,10,0,3
1374,1,1,97,1,2,32,-1,2
1375,1,1,314,5,2,32,3,2
1376,0,1,345,2,2,10,3,2
1377,0,1,245,1,2,40,0,1
1378,0,1,206,9,7,44,8,1
1379,1,1,503,6,7,54,3,3
1380,0,0,250,1,1,10,0,1
1381,0,1,265,7,1,10,6,2
1382,1,1,312,8,2,14,6,2
1383,0,0,380,3,1,16,0,3
1384,1,1,485,1,12,46,0,1
1385,0,1,399,1,8,56,0,1
1386,0,1,395,1,1,16,1,2
1387,1,1,299,0,2,16,5,1
1388,0,1,45,2,1,10,2,0
1389,0,1,289,3,2,22,1,2
1390,1,1,239,1,1,30,-1,2
1391,1,1,527,3,11,48,1,2
1392,0,1,159,3,1,14,0,3
1393,0,1,169,7,1,8,5,2
1394,1,1,176,4,8,30,1,3
1395,0,0,402,10,1,6,7,3
1396,0,1,216,2,11,36,1,1
1397,0,1,231,2,1,36,-1,3
1398,0,1,106,0,3,10,1,0
1399,0,1,330,5,12,38,4,1
1400,0,1,304,3,4,28,0,3
